,year,month,Mkt-RF,SMB,HML,RF
192607,1926,7,2.96,-2.3,-2.87,0.22
192608,1926,8,2.64,-1.4,4.19,0.25
192609,1926,9,0.36,-1.32,0.01,0.23
192610,1926,10,-3.24,0.04,0.51,0.32
192611,1926,11,2.53,-0.2,-0.35,0.31
192612,1926,12,2.62,-0.04,-0.02,0.28
192701,1927,1,-0.06,-0.56,4.83,0.25
192702,1927,2,4.18,-0.1,3.17,0.26
192703,1927,3,0.13,-1.6,-2.67,0.3
192704,1927,4,0.46,0.43,0.6,0.25
192705,1927,5,5.44,1.41,4.93,0.3
192706,1927,6,-2.34,0.47,-1.53,0.26
192707,1927,7,7.26,-3.23,-1.16,0.3
192708,1927,8,1.97,-0.72,-3.69,0.28
192709,1927,9,4.76,-3.57,-0.71,0.21
192710,1927,10,-4.31,2.13,-4.33,0.25
192711,1927,11,6.58,2.76,-0.31,0.21
192712,1927,12,2.09,0.93,-1.06,0.22
192801,1928,1,-0.68,4.25,-0.72,0.25
192802,1928,2,-1.7,-2.03,-0.69,0.33
192803,1928,3,8.81,-0.26,-1.2,0.29
192804,1928,4,4.23,3.82,3.67,0.22
192805,1928,5,1.52,2.98,-3.46,0.32
192806,1928,6,-4.85,-3.5,-0.06,0.31
192807,1928,7,0.62,-1.35,-0.47,0.32
192808,1928,8,6.68,-2.07,-2.11,0.32
192809,1928,9,2.88,2.18,0.76,0.27
192810,1928,10,1.33,2.27,-2.26,0.41
192811,1928,11,11.81,-1.81,2.8,0.38
192812,1928,12,0.36,-0.85,-0.6,0.06
192901,1929,1,4.66,-3.54,-1.21,0.34
192902,1929,2,-0.34,-0.39,1.68,0.36
192903,1929,3,-0.89,-4.78,1.56,0.34
192904,1929,4,1.43,-0.99,0.61,0.36
192905,1929,5,-6.39,-5.46,-1.57,0.44
192906,1929,6,9.7,-2.17,-2.76,0.52
192907,1929,7,4.46,-3.88,2.66,0.33
192908,1929,8,8.18,-9.52,0.06,0.4
192909,1929,9,-5.47,1.17,-0.63,0.35
192910,1929,10,-20.12,-4.08,7.85,0.46
192911,1929,11,-12.74,-1.91,5.33,0.37
192912,1929,12,1.33,-4.2,-0.59,0.37
193001,1930,1,5.61,3.58,-1.01,0.14
193002,1930,2,2.5,0.12,0.39,0.3
193003,1930,3,7.1,3.44,0.15,0.35
193004,1930,4,-2.06,-0.17,-0.84,0.21
193005,1930,5,-1.66,-2.04,-0.63,0.26
193006,1930,6,-16.27,-3.22,2,0.27
193007,1930,7,4.12,-0.37,-1.56,0.2
193008,1930,8,0.3,-2.22,-0.78,0.09
193009,1930,9,-12.75,-2.22,-5.27,0.22
193010,1930,10,-8.78,-0.1,-1.35,0.09
193011,1930,11,-3.04,2.21,-3.53,0.13
193012,1930,12,-7.83,-4.68,-5.39,0.14
193101,1931,1,6.24,3.81,7.21,0.15
193102,1931,2,10.88,3.39,1.6,0.04
193103,1931,3,-6.43,3.07,-3.65,0.13
193104,1931,4,-9.98,-4.61,-3.92,0.08
193105,1931,5,-13.24,5.16,-6.57,0.09
193106,1931,6,13.9,-5.38,11.3,0.08
193107,1931,7,-6.62,1.43,-2.1,0.06
193108,1931,8,0.41,-1.97,-1.49,0.03
193109,1931,9,-29.13,0.56,-6.75,0.03
193110,1931,10,8.04,-1.87,1.7,0.1
193111,1931,11,-9.08,4.3,-5.05,0.17
193112,1931,12,-13.53,-0.56,-8.86,0.12
193201,1932,1,-1.58,3.94,9.04,0.23
193202,1932,2,5.46,-2.77,-1.45,0.23
193203,1932,3,-11.21,2.27,-2.32,0.16
193204,1932,4,-17.96,1.44,1.42,0.11
193205,1932,5,-20.51,3.72,-3.28,0.06
193206,1932,6,-0.7,0.35,5.32,0.02
193207,1932,7,33.84,-4.44,35.46,0.03
193208,1932,8,37.06,14.29,33.03,0.03
193209,1932,9,-2.94,-2.43,-6.82,0.03
193210,1932,10,-13.17,-2.76,-10.04,0.02
193211,1932,11,-5.88,2.08,-13.28,0.02
193212,1932,12,4.4,-8.27,-8.17,0.01
193301,1933,1,1.25,0.69,6.23,0.01
193302,1933,2,-15.24,-2.75,-2.73,-0.03
193303,1933,3,3.29,3.9,7.38,0.04
193304,1933,4,38.85,4.56,17.43,0.1
193305,1933,5,21.43,36.7,19.03,0.04
193306,1933,6,13.11,8.67,-1.88,0.02
193307,1933,7,-9.63,-1.01,3.27,0.02
193308,1933,8,12.05,-5.45,2.96,0.03
193309,1933,9,-10.65,-0.32,-11.77,0.02
193310,1933,10,-8.36,-0.08,-8.46,0.01
193311,1933,11,9.97,-6.48,2.33,0.02
193312,1933,12,1.83,0.66,-1.53,0.02
193401,1934,1,12.6,12.53,15.54,0.05
193402,1934,2,-2.5,5.19,2.12,0.02
193403,1934,3,0.09,2.51,-2.73,0.02
193404,1934,4,-1.79,2.8,-3.75,0.01
193405,1934,5,-7.25,-0.26,-5.91,0.01
193406,1934,6,2.64,-2.14,-2.92,0.01
193407,1934,7,-10.96,-6.94,-10.66,0.01
193408,1934,8,5.58,5.42,0.5,0.01
193409,1934,9,-0.23,-1.52,-1.24,0.01
193410,1934,10,-1.66,1.24,-5.11,0.01
193411,1934,11,8.33,6.49,-2.24,0.01
193412,1934,12,0.36,3.08,-3.17,0.01
193501,1935,1,-3.45,1.07,-1.89,0.01
193502,1935,2,-1.94,0.42,-7.24,0.02
193503,1935,3,-3.68,-3.54,-5.06,0.01
193504,1935,4,9.06,-1.56,4.27,0.01
193505,1935,5,3.47,-3.34,2.61,0.01
193506,1935,6,5.93,-2.51,-1.65,0.01
193507,1935,7,7.51,1.47,6.86,0.01
193508,1935,8,2.65,6.28,5.7,0.01
193509,1935,9,2.63,1.57,-4.05,0.01
193510,1935,10,7.03,2.65,-2.33,0.01
193511,1935,11,4.88,4.3,11.91,0.02
193512,1935,12,4.56,0.22,1.07,0.01
193601,1936,1,6.89,5.1,10.51,0.01
193602,1936,2,2.49,1.14,5.04,0.01
193603,1936,3,0.99,0.66,-1.66,0.02
193604,1936,4,-8.14,-6.03,-2.08,0.02
193605,1936,5,5.19,0.81,2.63,0.02
193606,1936,6,2.4,-3.25,-1.2,0.03
193607,1936,7,6.67,1.14,2.56,0.01
193608,1936,8,0.99,0.72,3.99,0.02
193609,1936,9,0.98,3.07,0.88,0.01
193610,1936,10,7.12,-2.39,2.52,0.02
193611,1936,11,3.27,9.01,-0.92,0.01
193612,1936,12,0.21,3.61,3.96,0
193701,1937,1,3.35,4.31,2.61,0.01
193702,1937,2,1.09,1.23,5.05,0.02
193703,1937,3,-0.27,-1.78,6.39,0.01
193704,1937,4,-7.36,-3.77,-3.61,0.03
193705,1937,5,-0.83,-0.66,-3.49,0.06
193706,1937,6,-4.21,-3.65,-3.21,0.03
193707,1937,7,8.91,0.85,0.82,0.03
193708,1937,8,-4.86,0.42,-2.25,0.02
193709,1937,9,-13.61,-6.89,-4.57,0.04
193710,1937,10,-9.61,0.45,-1.62,0.02
193711,1937,11,-8.31,-3.65,0.2,0.02
193712,1937,12,-4.24,-7.76,-0.39,0
193801,1938,1,0.49,4.97,-1.6,0
193802,1938,2,5.84,0.35,-2.02,0
193803,1938,3,-23.82,-4.24,-3.52,-0.01
193804,1938,4,14.51,6.37,0.18,0.01
193805,1938,5,-3.83,-2.47,-0.28,0
193806,1938,6,23.87,4.05,0.3,0
193807,1938,7,7.34,6.66,2.18,-0.01
193808,1938,8,-2.67,-2.44,-4.72,0
193809,1938,9,0.81,-2.72,-1.62,0.02
193810,1938,10,7.8,5.83,5.01,0.01
193811,1938,11,-1.72,-2.56,-1.23,-0.06
193812,1938,12,4.19,-1.8,0.5,0
193901,1939,1,-5.96,-1.56,-3.92,-0.01
193902,1939,2,3.51,0.63,2.95,0.01
193903,1939,3,-11.99,-4.76,-8.29,-0.01
193904,1939,4,-0.18,1.66,-0.3,0
193905,1939,5,6.8,2.81,0.47,0.01
193906,1939,6,-5.31,-1.02,-5.41,0.01
193907,1939,7,10.24,4.32,-0.03,0
193908,1939,8,-6.68,-4.61,-2.42,-0.01
193909,1939,9,16.88,20.23,22.22,0.01
193910,1939,10,-0.53,-0.01,-4.89,0
193911,1939,11,-3.62,-5.07,-6.46,0
193912,1939,12,3.03,0.79,-4.06,0
194001,1940,1,-2.41,0.24,-0.77,0
194002,1940,2,1.44,2.51,-0.32,0
194003,1940,3,2.05,1.25,-1.27,0
194004,1940,4,0.22,3.92,-0.13,0
194005,1940,5,-21.95,-6.66,-3.69,-0.02
194006,1940,6,6.67,-2.13,4.63,0
194007,1940,7,3.16,1.01,-0.74,0.01
194008,1940,8,2.19,-0.11,0.56,-0.01
194009,1940,9,2.39,3.22,-1.13,0
194010,1940,10,3.02,0.28,4.64,0
194011,1940,11,-1.61,1.94,0.12,0
194012,1940,12,0.69,-2.15,-0.89,0
194101,1941,1,-4.17,1,3.83,-0.01
194102,1941,2,-1.43,-1.57,0.89,-0.01
194103,1941,3,0.84,0.1,3.04,0.01
194104,1941,4,-5.46,-1.69,3.41,-0.01
194105,1941,5,1.39,-0.66,0.6,0
194106,1941,6,5.83,1.32,0.59,0
194107,1941,7,5.87,5.7,7.25,0.03
194108,1941,8,-0.17,-0.41,-1.1,0.01
194109,1941,9,-0.87,-0.99,-0.28,0.01
194110,1941,10,-5.25,-2.02,1.63,0
194111,1941,11,-1.92,-1.21,-0.64,0
194112,1941,12,-4.87,-2.98,-5.94,0.01
194201,1942,1,0.79,7.52,10.1,0.02
194202,1942,2,-2.46,1.72,-1.13,0.01
194203,1942,3,-6.58,1.78,-0.62,0.01
194204,1942,4,-4.37,-0.6,2.09,0.01
194205,1942,5,5.94,-3.05,-2.65,0.03
194206,1942,6,2.69,-1.22,0.54,0.02
194207,1942,7,3.51,-0.16,2.4,0.03
194208,1942,8,1.8,-0.09,1.33,0.03
194209,1942,9,2.61,0.66,2.39,0.03
194210,1942,10,6.82,1.82,6.47,0.03
194211,1942,11,0.15,-1.54,-4.24,0.03
194212,1942,12,5.12,-2.49,0.56,0.03
194301,1943,1,7.13,8.78,8.23,0.03
194302,1943,2,6.15,4.84,6.51,0.03
194303,1943,3,6.01,5.03,5.48,0.03
194304,1943,4,0.81,2.06,5.86,0.03
194305,1943,5,5.74,4.41,3.28,0.03
194306,1943,6,1.82,-1.06,-0.74,0.03
194307,1943,7,-4.77,-2.41,-2.27,0.03
194308,1943,8,1.3,-0.62,-0.47,0.03
194309,1943,9,2.4,1.28,1.43,0.03
194310,1943,10,-1.15,0.58,1.65,0.03
194311,1943,11,-5.91,-1.64,-4.04,0.03
194312,1943,12,6.36,3.34,3.22,0.03
194401,1944,1,1.74,2.56,2.17,0.03
194402,1944,2,0.37,-0.1,0.83,0.03
194403,1944,3,2.46,1.71,3.43,0.02
194404,1944,4,-1.69,-1.35,-1.13,0.03
194405,1944,5,5.07,1.67,1.02,0.03
194406,1944,6,5.49,4.04,1.82,0.03
194407,1944,7,-1.49,0.55,-0.43,0.03
194408,1944,8,1.57,2.41,-1.63,0.03
194409,1944,9,0.01,0.47,-1.21,0.02
194410,1944,10,0.16,-0.14,-0.34,0.03
194411,1944,11,1.71,0.37,2.31,0.03
194412,1944,12,4.03,2.24,5.91,0.02
194501,1945,1,2.01,2.44,0.71,0.03
194502,1945,2,6.23,1.56,4.4,0.02
194503,1945,3,-3.89,-1.61,-1.78,0.02
194504,1945,4,7.8,0.32,3.21,0.03
194505,1945,5,1.73,1.51,0.35,0.03
194506,1945,6,0.39,3.1,4.32,0.02
194507,1945,7,-2.17,-1.46,-2.71,0.03
194508,1945,8,6.2,1.61,-4.4,0.03
194509,1945,9,4.77,1.71,0.48,0.03
194510,1945,10,3.89,2.46,2.25,0.03
194511,1945,11,5.39,4.16,4.34,0.02
194512,1945,12,1.2,2.12,-2.32,0.03
194601,1946,1,6.24,4.02,2.21,0.03
194602,1946,2,-5.83,-0.73,-1.27,0.03
194603,1946,3,5.87,0.31,-0.36,0.03
194604,1946,4,4.23,2.37,0.45,0.03
194605,1946,5,3.93,1.46,1.09,0.03
194606,1946,6,-3.89,-1.53,-0.59,0.03
194607,1946,7,-2.69,-2.06,0.04,0.03
194608,1946,8,-6.44,-1.78,0.6,0.03
194609,1946,9,-10.17,-4.41,-1.96,0.03
194610,1946,10,-1.44,0.09,3.44,0.03
194611,1946,11,-0.01,-0.4,1.52,0.03
194612,1946,12,4.96,0.06,-1.38,0.03
194701,1947,1,1.25,2.18,-0.73,0.03
194702,1947,2,-1.08,0.68,0.14,0.03
194703,1947,3,-1.67,-1.61,0.61,0.03
194704,1947,4,-4.8,-3.97,0.85,0.03
194705,1947,5,-0.97,-3.26,0.34,0.03
194706,1947,6,5.29,-0.31,-0.6,0.03
194707,1947,7,4.14,1.43,2.82,0.03
194708,1947,8,-1.74,0.3,0.16,0.03
194709,1947,9,-0.54,1.64,1.36,0.06
194710,1947,10,2.47,0.51,0.08,0.06
194711,1947,11,-1.97,-1.74,1.06,0.06
194712,1947,12,3,-2.48,3.69,0.08
194801,1948,1,-3.93,2.49,1.38,0.07
194802,1948,2,-4.38,-1.71,0.07,0.07
194803,1948,3,8.07,0.13,4.49,0.09
194804,1948,4,3.65,-1.66,4.1,0.08
194805,1948,5,7.3,0.93,-1.23,0.08
194806,1948,6,-0.1,-1.86,2.75,0.09
194807,1948,7,-5.09,-0.32,0.07,0.08
194808,1948,8,0.25,-1.1,0.27,0.09
194809,1948,9,-2.97,-1.23,-1.79,0.04
194810,1948,10,5.96,-1.5,0.56,0.04
194811,1948,11,-9.3,-0.62,-4.14,0.04
194812,1948,12,3.26,-2.8,-1.94,0.04
194901,1949,1,0.23,1.81,1.17,0.1
194902,1949,2,-2.93,-1.89,-0.91,0.09
194903,1949,3,4.04,2.48,1.34,0.1
194904,1949,4,-1.87,-0.89,-1.18,0.09
194905,1949,5,-2.94,-0.77,-2.42,0.1
194906,1949,6,0.1,-0.88,-1.76,0.1
194907,1949,7,5.54,0.57,0.38,0.09
194908,1949,8,2.6,0.13,-0.57,0.09
194909,1949,9,3.09,1.05,0.23,0.09
194910,1949,10,3.14,1.03,-0.49,0.09
194911,1949,11,1.82,-0.93,-0.91,0.08
194912,1949,12,5.13,2.07,1.75,0.09
195001,1950,1,1.7,3.36,0.14,0.09
195002,1950,2,1.48,0.04,-0.81,0.09
195003,1950,3,1.26,-1.41,-2.77,0.1
195004,1950,4,3.94,1.99,1.34,0.09
195005,1950,5,4.31,-2.12,0.46,0.1
195006,1950,6,-5.94,-2.38,-0.78,0.1
195007,1950,7,1.36,0.51,13.66,0.1
195008,1950,8,4.85,0.73,-1.41,0.1
195009,1950,9,4.81,0.57,-1.11,0.1
195010,1950,10,-0.18,-0.58,1.44,0.12
195011,1950,11,2.76,-0.84,3.17,0.11
195012,1950,12,5.54,1.49,7.23,0.11
195101,1951,1,5.7,1.73,3.72,0.13
195102,1951,2,1.41,0.09,-2.83,0.1
195103,1951,3,-2.15,-0.64,-4.22,0.11
195104,1951,4,4.86,-1.49,3.28,0.13
195105,1951,5,-2.34,-0.01,-1.33,0.12
195106,1951,6,-2.62,-1.95,-3.96,0.12
195107,1951,7,6.94,-1.99,2.01,0.13
195108,1951,8,4.27,0.99,-0.16,0.13
195109,1951,9,0.7,1.9,0.61,0.12
195110,1951,10,-2.53,-0.22,0.25,0.16
195111,1951,11,0.57,-0.29,-0.05,0.11
195112,1951,12,3.33,-2.25,-1.56,0.12
195201,1952,1,1.45,-0.61,1.54,0.15
195202,1952,2,-2.62,0.79,-0.61,0.12
195203,1952,3,4.44,-2.99,2.16,0.11
195204,1952,4,-4.97,0.48,-0.1,0.12
195205,1952,5,3.2,-1.01,0.08,0.13
195206,1952,6,3.83,-1.61,1.23,0.15
195207,1952,7,0.91,-0.4,-0.35,0.15
195208,1952,8,-0.76,1.18,0.03,0.15
195209,1952,9,-2.03,1.15,-1.51,0.16
195210,1952,10,-0.66,-1.06,-0.45,0.14
195211,1952,11,5.94,-0.71,0.95,0.1
195212,1952,12,2.93,-1.48,0.18,0.16
195301,1953,1,-0.34,3.58,1.32,0.16
195302,1953,2,-0.27,2.15,-0.08,0.14
195303,1953,3,-1.43,-0.19,-0.8,0.18
195304,1953,4,-2.83,0.28,1.53,0.16
195305,1953,5,0.52,-0.07,0.23,0.17
195306,1953,6,-1.89,-1.86,-0.47,0.18
195307,1953,7,2.4,-1.05,-0.24,0.15
195308,1953,8,-4.52,0.36,-3.54,0.17
195309,1953,9,0.2,-0.85,-2.42,0.16
195310,1953,10,4.6,-1.37,-0.19,0.13
195311,1953,11,2.83,-1.29,-0.17,0.08
195312,1953,12,0.03,-0.84,-2.84,0.13
195401,1954,1,5.13,0.46,3.51,0.11
195402,1954,2,1.67,-0.17,-0.28,0.07
195403,1954,3,3.65,-0.49,-1.46,0.08
195404,1954,4,4.27,-3.48,-0.37,0.09
195405,1954,5,3.09,0.39,2.46,0.05
195406,1954,6,1.07,0.41,-0.03,0.06
195407,1954,7,4.99,1.07,4.11,0.05
195408,1954,8,-2.34,2.66,-1.36,0.05
195409,1954,9,6.39,-2.54,0.66,0.09
195410,1954,10,-1.67,0.59,0.72,0.07
195411,1954,11,9.38,-2.62,4.36,0.06
195412,1954,12,5.48,2.14,5.71,0.08
195501,1955,1,0.6,0.25,2.18,0.08
195502,1955,2,3.02,1.54,0.62,0.09
195503,1955,3,-0.16,-0.66,1.95,0.1
195504,1955,4,3.11,-1.79,0.81,0.1
195505,1955,5,0.93,-0.29,-0.86,0.14
195506,1955,6,6.55,-4.65,1.92,0.1
195507,1955,7,1.9,-1.36,0.63,0.1
195508,1955,8,0.21,-0.38,0.58,0.16
195509,1955,9,-0.36,0.3,-1.06,0.16
195510,1955,10,-2.68,1.5,-0.03,0.18
195511,1955,11,7.03,-2.46,0.5,0.17
195512,1955,12,1.49,2.08,-2.24,0.18
195601,1956,1,-3.03,0.44,1.12,0.22
195602,1956,2,3.77,-1.04,-0.53,0.19
195603,1956,3,6.64,-2.42,-0.14,0.15
195604,1956,4,0.28,0.07,-0.18,0.19
195605,1956,5,-5.2,1.5,-1.33,0.23
195606,1956,6,3.48,-1.46,-1.32,0.2
195607,1956,7,4.84,-1.68,-0.01,0.22
195608,1956,8,-3.18,1.9,-0.71,0.17
195609,1956,9,-5.14,1.56,1.79,0.18
195610,1956,10,0.52,-0.09,-0.06,0.25
195611,1956,11,0.36,-0.22,1.78,0.2
195612,1956,12,3.16,-0.03,-2.1,0.24
195701,1957,1,-3.58,3.4,2.78,0.27
195702,1957,2,-2.06,-0.72,-0.73,0.24
195703,1957,3,2.13,0.27,-0.47,0.23
195704,1957,4,4.26,-1.6,-1.51,0.25
195705,1957,5,3.45,-1.07,-2.05,0.26
195706,1957,6,-0.74,0.55,0.01,0.24
195707,1957,7,0.66,-0.76,0.38,0.3
195708,1957,8,-5.11,0.06,-0.45,0.25
195709,1957,9,-5.98,0.08,0.88,0.26
195710,1957,10,-4.32,-2.52,-1.83,0.29
195711,1957,11,2.3,0.4,-2.9,0.28
195712,1957,12,-3.91,-0.93,-1.71,0.24
195801,1958,1,4.66,4.36,4.23,0.28
195802,1958,2,-1.52,0.7,0.28,0.12
195803,1958,3,3.27,0.63,-0.92,0.09
195804,1958,4,3.09,-0.59,1.46,0.08
195805,1958,5,2.31,2.24,-0.35,0.11
195806,1958,6,2.93,-0.24,0.5,0.03
195807,1958,7,4.39,0.47,3.12,0.07
195808,1958,8,1.91,1.19,0.29,0.04
195809,1958,9,4.66,0.15,2.96,0.19
195810,1958,10,2.53,1.13,-1.18,0.18
195811,1958,11,3.01,2.06,-1.29,0.11
195812,1958,12,5.15,-2.07,-0.05,0.22
195901,1959,1,0.71,3.02,2.98,0.21
195902,1959,2,0.95,1.49,1.05,0.19
195903,1959,3,0.28,1.48,-0.35,0.22
195904,1959,4,3.66,-0.58,-1.22,0.2
195905,1959,5,1.73,-2.15,1.87,0.22
195906,1959,6,-0.25,0.68,1.33,0.25
195907,1959,7,3.17,-0.32,0.26,0.25
195908,1959,8,-1.39,-0.78,0.44,0.19
195909,1959,9,-4.8,-0.09,0.57,0.31
195910,1959,10,1.28,1.43,-2.05,0.3
195911,1959,11,1.6,1.24,-3.27,0.26
195912,1959,12,2.45,-0.6,-0.03,0.34
196001,1960,1,-6.98,2.09,2.73,0.33
196002,1960,2,1.17,0.51,-1.99,0.29
196003,1960,3,-1.63,-0.51,-2.85,0.35
196004,1960,4,-1.71,0.31,-2.23,0.19
196005,1960,5,3.12,1.21,-3.76,0.27
196006,1960,6,2.08,-0.22,-0.34,0.24
196007,1960,7,-2.37,-0.52,2.03,0.13
196008,1960,8,3.01,0.9,-0.19,0.17
196009,1960,9,-5.99,-1.11,1.58,0.16
196010,1960,10,-0.71,-3.95,2.6,0.22
196011,1960,11,4.69,0.35,-2.45,0.13
196012,1960,12,4.71,-1.56,-0.79,0.16
196101,1961,1,6.2,0.66,3.7,0.19
196102,1961,2,3.57,3.98,-0.74,0.14
196103,1961,3,2.89,3.27,-0.77,0.2
196104,1961,4,0.29,0.1,2.05,0.17
196105,1961,5,2.4,1.95,0.48,0.18
196106,1961,6,-3.08,-2.47,-0.18,0.2
196107,1961,7,2.83,-1.88,-0.11,0.18
196108,1961,8,2.57,-1.75,-0.28,0.14
196109,1961,9,-2.15,-1.05,-0.58,0.17
196110,1961,10,2.57,-1.61,0.12,0.19
196111,1961,11,4.45,1.24,-1.19,0.15
196112,1961,12,-0.18,-0.83,1.83,0.19
196201,1962,1,-3.87,1.78,5.09,0.24
196202,1962,2,1.81,-1.16,0.85,0.2
196203,1962,3,-0.68,0.53,-1.43,0.2
196204,1962,4,-6.59,-0.68,0.03,0.22
196205,1962,5,-8.65,-3.33,2.78,0.24
196206,1962,6,-8.47,-0.57,2.54,0.2
196207,1962,7,6.28,1.49,-3.44,0.27
196208,1962,8,2.13,1.23,-1.19,0.23
196209,1962,9,-5.22,-2.43,1.23,0.21
196210,1962,10,-0.05,-3.97,1.29,0.25
196211,1962,11,10.87,2.61,1.01,0.2
196212,1962,12,1.01,-3.8,0.33,0.23
196301,1963,1,4.93,3.06,2.26,0.25
196302,1963,2,-2.38,0.5,2.21,0.23
196303,1963,3,3.08,-2.62,2.1,0.23
196304,1963,4,4.51,-1.31,1.01,0.25
196305,1963,5,1.76,1.12,2.5,0.24
196306,1963,6,-2,-0.25,0.7,0.23
196307,1963,7,-0.39,-0.56,-0.83,0.27
196308,1963,8,5.07,-0.94,1.67,0.25
196309,1963,9,-1.57,-0.31,0.18,0.27
196310,1963,10,2.53,-0.54,-0.1,0.29
196311,1963,11,-0.85,-1.13,1.71,0.27
196312,1963,12,1.83,-1.97,-0.12,0.29
196401,1964,1,2.24,-0.19,1.59,0.3
196402,1964,2,1.54,0.1,2.83,0.26
196403,1964,3,1.41,0.99,3.32,0.31
196404,1964,4,0.1,-1.37,-0.55,0.29
196405,1964,5,1.42,-0.9,1.98,0.26
196406,1964,6,1.27,-0.26,0.68,0.3
196407,1964,7,1.74,0.28,0.68,0.3
196408,1964,8,-1.44,0.09,0.09,0.28
196409,1964,9,2.69,-0.51,1.65,0.28
196410,1964,10,0.59,0.43,1.14,0.29
196411,1964,11,0,0.61,-1.98,0.29
196412,1964,12,0.03,-0.26,-2.55,0.31
196501,1965,1,3.54,2.7,0.18,0.28
196502,1965,2,0.44,3.48,0.22,0.3
196503,1965,3,-1.34,1.79,1.09,0.36
196504,1965,4,3.11,1.2,0.71,0.31
196505,1965,5,-0.77,0.04,-1.63,0.31
196506,1965,6,-5.51,-4.35,0.55,0.35
196507,1965,7,1.43,0.87,2.18,0.31
196508,1965,8,2.73,2.81,-0.96,0.33
196509,1965,9,2.86,0.61,-0.1,0.31
196510,1965,10,2.6,2.48,1.52,0.31
196511,1965,11,-0.03,4.68,0.21,0.35
196512,1965,12,1.01,2.08,1.95,0.33
196601,1966,1,0.72,3.89,3.49,0.38
196602,1966,2,-1.21,4.54,0.27,0.35
196603,1966,3,-2.51,0.94,-2.07,0.38
196604,1966,4,2.14,3.45,-0.54,0.34
196605,1966,5,-5.66,-4.7,-1.55,0.41
196606,1966,6,-1.44,1.02,0.5,0.38
196607,1966,7,-1.63,-0.44,0.96,0.35
196608,1966,8,-7.91,-3.23,0.47,0.41
196609,1966,9,-1.06,-1.07,0.53,0.4
196610,1966,10,3.86,-6.64,2.87,0.45
196611,1966,11,1.4,4.22,-4.46,0.4
196612,1966,12,0.13,1.86,-1.22,0.4
196701,1967,1,8.15,8.32,2.22,0.43
196702,1967,2,0.78,3.34,-2.17,0.36
196703,1967,3,3.99,1.63,0.31,0.39
196704,1967,4,3.89,0.62,-2.64,0.32
196705,1967,5,-4.33,1.98,0.8,0.33
196706,1967,6,2.41,5.96,0.96,0.27
196707,1967,7,4.58,3.08,2.65,0.31
196708,1967,8,-0.89,0.47,1.46,0.31
196709,1967,9,3.11,3.1,-2.47,0.32
196710,1967,10,-3.09,1.42,-3.39,0.39
196711,1967,11,0.37,0.2,-1.71,0.36
196712,1967,12,3.05,5.73,-0.39,0.33
196801,1968,1,-4.06,3.91,4.75,0.4
196802,1968,2,-3.75,-2.95,1.17,0.39
196803,1968,3,0.2,-1.28,-0.59,0.38
196804,1968,4,9.05,5.73,-1.03,0.43
196805,1968,5,2.28,6.43,0.84,0.45
196806,1968,6,0.69,-0.17,0.67,0.43
196807,1968,7,-2.72,-1.3,5.48,0.48
196808,1968,8,1.34,2.34,1,0.42
196809,1968,9,4.03,2.76,0.24,0.43
196810,1968,10,0.42,-0.47,2.89,0.44
196811,1968,11,5.43,2.36,-0.9,0.42
196812,1968,12,-3.94,3.44,0.02,0.43
196901,1969,1,-1.25,-0.78,1.69,0.53
196902,1969,2,-5.84,-3.89,0.9,0.46
196903,1969,3,2.64,-0.25,-0.46,0.46
196904,1969,4,1.46,-0.88,0.03,0.53
196905,1969,5,-0.1,-0.27,0.73,0.48
196906,1969,6,-7.18,-5.39,-1.09,0.51
196907,1969,7,-7,-3.21,1.42,0.53
196908,1969,8,4.68,0.94,-3.87,0.5
196909,1969,9,-2.98,1.2,-3.19,0.62
196910,1969,10,5.06,3.81,-3.19,0.6
196911,1969,11,-3.79,-2.53,-1.12,0.52
196912,1969,12,-2.63,-3.67,-3.02,0.64
197001,1970,1,-8.1,2.9,3.04,0.6
197002,1970,2,5.13,-2.4,4.04,0.62
197003,1970,3,-1.06,-2.32,4.25,0.57
197004,1970,4,-11,-6.11,6.39,0.5
197005,1970,5,-6.92,-4.52,3.6,0.53
197006,1970,6,-5.79,-2.16,0.87,0.58
197007,1970,7,6.93,-0.54,0.96,0.52
197008,1970,8,4.49,1.52,1.03,0.53
197009,1970,9,4.18,8.62,-5.58,0.54
197010,1970,10,-2.28,-4.28,0.27,0.46
197011,1970,11,4.59,-4.07,1.63,0.46
197012,1970,12,5.72,2.97,1.01,0.42
197101,1971,1,4.84,7.37,1.38,0.38
197102,1971,2,1.41,1.88,-1.29,0.33
197103,1971,3,4.13,2.54,-4.04,0.3
197104,1971,4,3.15,-0.49,0.72,0.28
197105,1971,5,-3.98,-1.1,-1.38,0.29
197106,1971,6,-0.1,-1.42,-2.06,0.37
197107,1971,7,-4.5,-1.5,0.17,0.4
197108,1971,8,3.79,-0.16,2.67,0.47
197109,1971,9,-0.85,0.41,-2.96,0.37
197110,1971,10,-4.42,-1.8,-0.43,0.37
197111,1971,11,-0.46,-2.85,-1.7,0.37
197112,1971,12,8.71,3.32,-0.35,0.37
197201,1972,1,2.49,6.12,1.99,0.29
197202,1972,2,2.87,1.37,-2.76,0.25
197203,1972,3,0.63,-0.27,-1.73,0.27
197204,1972,4,0.29,0.01,0.23,0.29
197205,1972,5,1.25,-2.79,-2.69,0.3
197206,1972,6,-2.43,0.33,-2.51,0.29
197207,1972,7,-0.8,-2.89,0.78,0.31
197208,1972,8,3.26,-4.09,4.69,0.29
197209,1972,9,-1.14,-2.67,0.47,0.34
197210,1972,10,0.52,-2.74,1.37,0.4
197211,1972,11,4.6,-1.11,4.76,0.37
197212,1972,12,0.62,-1.86,-2.27,0.37
197301,1973,1,-3.29,-3.48,2.68,0.44
197302,1973,2,-4.85,-3.99,1.7,0.41
197303,1973,3,-1.3,-2.82,2.78,0.46
197304,1973,4,-5.68,-3.99,5.69,0.52
197305,1973,5,-2.94,-6.12,0.21,0.51
197306,1973,6,-1.56,-2.95,1.44,0.51
197307,1973,7,5.05,7.91,-5.31,0.64
197308,1973,8,-3.82,-2.03,1.14,0.7
197309,1973,9,4.75,2.94,2.18,0.68
197310,1973,10,-0.83,-0.23,1.74,0.65
197311,1973,11,-12.75,-7.7,4.04,0.56
197312,1973,12,0.61,-5.29,4.09,0.64
197401,1974,1,-0.17,9.76,5.99,0.63
197402,1974,2,-0.47,0.05,2.54,0.58
197403,1974,3,-2.81,2.51,-0.11,0.56
197404,1974,4,-5.29,-0.71,1.06,0.75
197405,1974,5,-4.68,-3.01,-2.04,0.75
197406,1974,6,-2.83,-0.2,0.79,0.6
197407,1974,7,-8.05,0.92,5.14,0.7
197408,1974,8,-9.35,-0.68,2.5,0.6
197409,1974,9,-11.77,0.27,5.49,0.81
197410,1974,10,16.1,-3.51,-9.99,0.51
197411,1974,11,-4.51,-1.17,-0.16,0.54
197412,1974,12,-3.45,-4.84,0,0.7
197501,1975,1,13.66,11.01,8.44,0.58
197502,1975,2,5.56,0.16,-4.56,0.43
197503,1975,3,2.66,3.75,2.49,0.41
197504,1975,4,4.23,-0.54,-1.11,0.44
197505,1975,5,5.19,3.83,-4.02,0.44
197506,1975,6,4.83,0.76,1.32,0.41
197507,1975,7,-6.59,2.69,1.7,0.48
197508,1975,8,-2.85,-3.2,-0.9,0.48
197509,1975,9,-4.26,-0.13,0.34,0.53
197510,1975,10,5.31,-4.02,0.3,0.56
197511,1975,11,2.64,-1.19,1.99,0.41
197512,1975,12,-1.6,-0.76,1.76,0.48
197601,1976,1,12.16,4.8,8.58,0.47
197602,1976,2,0.32,7.03,5.78,0.34
197603,1976,3,2.32,-1.17,-0.04,0.4
197604,1976,4,-1.49,-0.03,-0.06,0.42
197605,1976,5,-1.34,-1.24,-1.32,0.37
197606,1976,6,4.05,-1.35,0.68,0.43
197607,1976,7,-1.07,0.31,1.74,0.47
197608,1976,8,-0.56,-2.01,0.79,0.42
197609,1976,9,2.07,-0.01,-0.29,0.44
197610,1976,10,-2.42,0.25,-0.13,0.41
197611,1976,11,0.36,2.32,1.51,0.4
197612,1976,12,5.65,3.01,2.22,0.4
197701,1977,1,-4.05,4.78,4.26,0.36
197702,1977,2,-1.94,1.08,0.5,0.35
197703,1977,3,-1.37,0.99,1.02,0.38
197704,1977,4,0.15,-0.12,3.45,0.38
197705,1977,5,-1.45,1.18,0.84,0.37
197706,1977,6,4.71,2.13,-0.64,0.4
197707,1977,7,-1.69,2.12,-0.59,0.42
197708,1977,8,-1.75,1.52,-2.79,0.44
197709,1977,9,-0.27,1.45,-0.49,0.43
197710,1977,10,-4.38,1.27,1.72,0.49
197711,1977,11,4,3.72,0.31,0.5
197712,1977,12,0.27,1.35,-0.37,0.49
197801,1978,1,-6.01,2.22,3.31,0.49
197802,1978,2,-1.38,3.59,0.76,0.46
197803,1978,3,2.85,3.48,1.2,0.53
197804,1978,4,7.88,0.4,-3.54,0.54
197805,1978,5,1.76,4.56,-0.62,0.51
197806,1978,6,-1.69,1.69,0.59,0.54
197807,1978,7,5.11,0.26,-1.11,0.56
197808,1978,8,3.75,5.06,-0.46,0.56
197809,1978,9,-1.43,-0.39,1.87,0.62
197810,1978,10,-11.91,-9.88,1.36,0.68
197811,1978,11,2.71,3.01,-2.22,0.7
197812,1978,12,0.88,1.24,-2.19,0.78
197901,1979,1,4.23,3.66,2.27,0.77
197902,1979,2,-3.56,0.45,1.2,0.73
197903,1979,3,5.68,3.19,-0.67,0.81
197904,1979,4,-0.06,2.18,1.05,0.8
197905,1979,5,-2.21,0.57,1.92,0.82
197906,1979,6,3.85,1.17,1.48,0.81
197907,1979,7,0.82,1.26,1.7,0.77
197908,1979,8,5.53,2.08,-1.55,0.77
197909,1979,9,-0.82,-0.25,-0.87,0.83
197910,1979,10,-8.1,-3.34,-1.86,0.87
197911,1979,11,5.21,2.74,-3.25,0.99
197912,1979,12,1.79,4.17,-1.98,0.95
198001,1980,1,5.51,1.65,1.8,0.8
198002,1980,2,-1.22,-1.82,0.62,0.89
198003,1980,3,-12.9,-6.64,-1.06,1.21
198004,1980,4,3.97,0.97,1.06,1.26
198005,1980,5,5.26,2.16,0.39,0.81
198006,1980,6,3.06,1.67,-0.89,0.61
198007,1980,7,6.49,4.25,-6.3,0.53
198008,1980,8,1.8,3.92,-2.64,0.64
198009,1980,9,2.19,0.89,-4.79,0.75
198010,1980,10,1.06,2.47,-2.74,0.95
198011,1980,11,9.59,-3.45,-8.35,0.96
198012,1980,12,-4.52,-0.28,2.68,1.31
198101,1981,1,-5.04,3,6.84,1.04
198102,1981,2,0.57,-0.31,0.97,1.07
198103,1981,3,3.56,3.58,0.67,1.21
198104,1981,4,-2.11,4.42,2.26,1.08
198105,1981,5,0.11,2,-0.43,1.15
198106,1981,6,-2.36,-0.85,5.13,1.35
198107,1981,7,-1.54,-2.18,-0.66,1.24
198108,1981,8,-7.04,-1.95,4.84,1.28
198109,1981,9,-7.17,-2.66,5.2,1.24
198110,1981,10,4.92,2.13,-4.21,1.21
198111,1981,11,3.36,-0.96,1.9,1.07
198112,1981,12,-3.65,1.17,0.74,0.87
198201,1982,1,-3.24,-1.29,3.17,0.8
198202,1982,2,-5.86,0.49,6.1,0.92
198203,1982,3,-1.87,-0.19,3.78,0.98
198204,1982,4,3.27,1.51,-2.78,1.13
198205,1982,5,-3.99,0.47,1.81,1.06
198206,1982,6,-3.09,-0.4,1.54,0.96
198207,1982,7,-3.19,0.84,0.15,1.05
198208,1982,8,11.14,-4.11,1.16,0.76
198209,1982,9,1.29,2.88,0.34,0.51
198210,1982,10,11.3,2.35,-3.68,0.59
198211,1982,11,4.67,4.77,-1.96,0.63
198212,1982,12,0.55,-0.18,0.01,0.67
198301,1983,1,3.6,2.7,-0.86,0.69
198302,1983,2,2.59,3.23,0.67,0.62
198303,1983,3,2.82,1.77,2.07,0.63
198304,1983,4,6.67,0.53,0.6,0.71
198305,1983,5,0.52,6.16,-1.4,0.69
198306,1983,6,3.07,0.91,-3.87,0.67
198307,1983,7,-4.07,1.46,5.62,0.74
198308,1983,8,-0.5,-4.3,5.55,0.76
198309,1983,9,0.91,0.56,1.09,0.76
198310,1983,10,-3.44,-3.6,5.06,0.76
198311,1983,11,2.16,2.04,-0.62,0.7
198312,1983,12,-1.78,-0.29,1.67,0.73
198401,1984,1,-1.92,-0.43,7.63,0.76
198402,1984,2,-4.82,-1.71,3.36,0.71
198403,1984,3,0.63,0.07,0.48,0.73
198404,1984,4,-0.51,-1.2,1.29,0.81
198405,1984,5,-5.97,0.03,0.26,0.78
198406,1984,6,1.82,-0.32,-2.6,0.75
198407,1984,7,-2.74,-2.21,0.49,0.82
198408,1984,8,10.28,-0.25,-1.85,0.83
198409,1984,9,-0.8,0.2,5.32,0.86
198410,1984,10,-0.84,-1.2,0.51,1
198411,1984,11,-1.76,-0.62,4.08,0.73
198412,1984,12,1.84,-0.6,-0.17,0.64
198501,1985,1,7.99,3.27,-5.43,0.65
198502,1985,2,1.22,0.76,-0.12,0.58
198503,1985,3,-0.84,-1.15,4.1,0.62
198504,1985,4,-0.96,0.14,3.73,0.72
198505,1985,5,5.09,-2.25,-0.86,0.66
198506,1985,6,1.27,0.65,0.7,0.55
198507,1985,7,-0.74,2.85,-1.63,0.62
198508,1985,8,-1.02,-0.34,2.28,0.55
198509,1985,9,-4.54,-1.58,1.32,0.6
198510,1985,10,4.02,-1.57,0.78,0.65
198511,1985,11,6.48,0.23,-2.87,0.61
198512,1985,12,3.88,-0.49,-1.53,0.65
198601,1986,1,0.65,1.22,0.53,0.56
198602,1986,2,7.13,-0.65,-0.94,0.53
198603,1986,3,4.88,-0.52,-0.44,0.6
198604,1986,4,-1.31,2.84,-2.85,0.52
198605,1986,5,4.62,-1.32,-0.11,0.49
198606,1986,6,1.03,-0.91,1.4,0.52
198607,1986,7,-6.45,-3.38,4.78,0.52
198608,1986,8,6.07,-4.17,3.52,0.46
198609,1986,9,-8.6,2.28,3.19,0.45
198610,1986,10,4.66,-2.48,-1.32,0.46
198611,1986,11,1.17,-1.92,-0.06,0.39
198612,1986,12,-3.27,0.08,0.37,0.49
198701,1987,1,12.47,-1.81,-3.18,0.42
198702,1987,2,4.39,3.49,-5.99,0.43
198703,1987,3,1.64,0.37,1.66,0.47
198704,1987,4,-2.11,-1.69,-0.33,0.44
198705,1987,5,0.11,-0.53,0.13,0.38
198706,1987,6,3.94,-2.18,1.07,0.48
198707,1987,7,3.85,-0.67,0.66,0.46
198708,1987,8,3.52,-0.72,-0.9,0.47
198709,1987,9,-2.59,0.52,0.28,0.45
198710,1987,10,-23.24,-8.43,4.23,0.6
198711,1987,11,-7.77,2.77,3.14,0.35
198712,1987,12,6.81,0.13,-4.49,0.39
198801,1988,1,4.21,-0.77,5.08,0.29
198802,1988,2,4.75,3.36,-1.65,0.46
198803,1988,3,-2.27,6.16,0.74,0.44
198804,1988,4,0.56,0.96,1.69,0.46
198805,1988,5,-0.29,-2.64,2.3,0.51
198806,1988,6,4.79,2.16,-1.07,0.49
198807,1988,7,-1.25,-0.21,2.27,0.51
198808,1988,8,-3.31,0.04,2.03,0.59
198809,1988,9,3.3,-1.25,-0.68,0.62
198810,1988,10,1.15,-2.9,1.71,0.61
198811,1988,11,-2.29,-1.74,1.24,0.57
198812,1988,12,1.49,1.95,-1.55,0.63
198901,1989,1,6.1,-2.14,0.51,0.55
198902,1989,2,-2.25,2.76,0.87,0.61
198903,1989,3,1.57,0.74,0.46,0.67
198904,1989,4,4.33,-0.59,-1.45,0.67
198905,1989,5,3.35,-0.04,-0.82,0.79
198906,1989,6,-1.35,-1.01,2.19,0.71
198907,1989,7,7.2,-4.02,-2.84,0.7
198908,1989,8,1.44,0.5,0.72,0.74
198909,1989,9,-0.76,0.28,-1.34,0.65
198910,1989,10,-3.67,-3.3,-1.03,0.68
198911,1989,11,1.03,-1.24,-1.12,0.69
198912,1989,12,1.16,-2.41,0.28,0.61
199001,1990,1,-7.85,-1.29,0.87,0.57
199002,1990,2,1.11,1.03,0.61,0.57
199003,1990,3,1.83,1.52,-2.9,0.64
199004,1990,4,-3.36,-0.5,-2.55,0.69
199005,1990,5,8.42,-2.57,-3.74,0.68
199006,1990,6,-1.09,1.43,-1.94,0.63
199007,1990,7,-1.9,-3.21,-0.01,0.68
199008,1990,8,-10.15,-3.58,1.58,0.66
199009,1990,9,-6.12,-3.67,0.73,0.6
199010,1990,10,-1.92,-5.51,0.22,0.68
199011,1990,11,6.35,0.33,-3.16,0.57
199012,1990,12,2.46,0.79,-1.54,0.6
199101,1991,1,4.69,3.79,-1.84,0.52
199102,1991,2,7.19,3.95,-0.54,0.48
199103,1991,3,2.65,3.89,-1.23,0.44
199104,1991,4,-0.28,0.5,1.42,0.53
199105,1991,5,3.65,-0.34,-0.57,0.47
199106,1991,6,-4.94,0.07,1.21,0.42
199107,1991,7,4.24,-0.93,-1.25,0.49
199108,1991,8,2.32,1.59,-0.78,0.46
199109,1991,9,-1.59,1.63,-1,0.46
199110,1991,10,1.29,0.9,-0.43,0.42
199111,1991,11,-4.19,-0.48,-1.93,0.39
199112,1991,12,10.84,-2.24,-4.03,0.38
199201,1992,1,-0.59,8.47,4.51,0.34
199202,1992,2,1.09,0.88,6.37,0.28
199203,1992,3,-2.66,-1.03,3.65,0.34
199204,1992,4,1.07,-6.12,4.31,0.32
199205,1992,5,0.3,0.39,1.28,0.28
199206,1992,6,-2.34,-3.09,3.4,0.32
199207,1992,7,3.77,-0.44,-0.53,0.31
199208,1992,8,-2.38,-0.12,-1.03,0.26
199209,1992,9,1.19,0.56,-0.21,0.26
199210,1992,10,1.02,2.05,-2.1,0.23
199211,1992,11,4.13,3.7,-1.48,0.23
199212,1992,12,1.53,1.64,2.52,0.28
199301,1993,1,0.93,2.03,5.87,0.23
199302,1993,2,0.12,-3.43,6.42,0.22
199303,1993,3,2.3,0.23,1.22,0.25
199304,1993,4,-3.05,-0.7,2.61,0.24
199305,1993,5,2.89,1.96,-3.41,0.22
199306,1993,6,0.31,-0.31,2.62,0.25
199307,1993,7,-0.34,0.93,3.24,0.24
199308,1993,8,3.71,0.32,-0.45,0.25
199309,1993,9,-0.12,3.11,-0.45,0.26
199310,1993,10,1.41,1.45,-1.54,0.22
199311,1993,11,-1.89,-1.43,-0.27,0.25
199312,1993,12,1.65,1.22,0.57,0.23
199401,1994,1,2.87,0.14,2.09,0.25
199402,1994,2,-2.55,2.73,-1.44,0.21
199403,1994,3,-4.78,-0.98,1.31,0.27
199404,1994,4,0.68,-0.93,1.68,0.27
199405,1994,5,0.58,-2.02,0.2,0.31
199406,1994,6,-3.03,-0.45,1.7,0.31
199407,1994,7,2.82,-1.73,0.59,0.28
199408,1994,8,4.01,1.34,-2.82,0.37
199409,1994,9,-2.31,2.82,-1.9,0.37
199410,1994,10,1.34,-2.34,-1.73,0.38
199411,1994,11,-4.04,0.27,-0.94,0.37
199412,1994,12,0.86,0.04,0.55,0.44
199501,1995,1,1.8,-2.65,0.83,0.42
199502,1995,2,3.63,-0.67,1.08,0.4
199503,1995,3,2.19,-0.7,-1.07,0.46
199504,1995,4,2.11,-0.62,2.26,0.44
199505,1995,5,2.9,-2.2,1.69,0.54
199506,1995,6,2.72,2.93,-2.27,0.47
199507,1995,7,3.72,2.09,-1.68,0.45
199508,1995,8,0.55,1.6,2.71,0.47
199509,1995,9,3.35,-2.1,-0.76,0.43
199510,1995,10,-1.52,-3.74,-0.75,0.47
199511,1995,11,3.96,-1.17,0.94,0.42
199512,1995,12,1.03,0.57,0.86,0.49
199601,1996,1,2.26,-2.62,0.3,0.43
199602,1996,2,1.33,1.88,-1.42,0.39
199603,1996,3,0.73,1.3,1,0.39
199604,1996,4,2.06,4.92,-3.9,0.46
199605,1996,5,2.36,3.04,-1.2,0.42
199606,1996,6,-1.14,-3.58,1.56,0.4
199607,1996,7,-5.97,-3.83,4.45,0.45
199608,1996,8,2.77,2.3,-0.46,0.41
199609,1996,9,5.01,-0.88,-3.14,0.44
199610,1996,10,0.86,-4.44,5.12,0.42
199611,1996,11,6.25,-3.89,1.16,0.41
199612,1996,12,-1.7,3.2,0.9,0.46
199701,1997,1,4.98,-1.84,-1.64,0.45
199702,1997,2,-0.49,-2.9,5.19,0.39
199703,1997,3,-5.02,-0.38,3.81,0.43
199704,1997,4,4.04,-5.66,-0.07,0.43
199705,1997,5,6.74,4.89,-3.87,0.49
199706,1997,6,4.1,1.32,1.23,0.37
199707,1997,7,7.33,-2.8,0.84,0.43
199708,1997,8,-4.15,7.31,1.38,0.41
199709,1997,9,5.35,2.61,0.02,0.44
199710,1997,10,-3.8,-0.68,1.96,0.42
199711,1997,11,2.98,-4.94,0.78,0.39
199712,1997,12,1.32,-2.35,3.46,0.48
199801,1998,1,0.15,-1.15,-1.45,0.43
199802,1998,2,7.04,0,-0.13,0.39
199803,1998,3,4.76,-0.94,1.06,0.39
199804,1998,4,0.73,0.21,0.74,0.43
199805,1998,5,-3.07,-3.75,4.16,0.4
199806,1998,6,3.18,-3.16,-2.32,0.41
199807,1998,7,-2.46,-5.12,-0.97,0.4
199808,1998,8,-16.08,-5.3,3.41,0.43
199809,1998,9,6.15,-0.12,-3.31,0.46
199810,1998,10,7.13,-3.32,-2.2,0.32
199811,1998,11,6.1,1.07,-3.14,0.31
199812,1998,12,6.16,-0.33,-4.46,0.38
199901,1999,1,3.5,0.39,-4.03,0.35
199902,1999,2,-4.08,-5.68,1.4,0.35
199903,1999,3,3.45,-3.94,-2.64,0.43
199904,1999,4,4.33,3.99,2.51,0.37
199905,1999,5,-2.46,3.42,2.4,0.34
199906,1999,6,4.77,3.06,-3.59,0.4
199907,1999,7,-3.49,2.67,-0.76,0.38
199908,1999,8,-1.38,-1.28,-1.31,0.39
199909,1999,9,-2.79,3.32,-3.4,0.39
199910,1999,10,6.12,-6.94,-2.88,0.39
199911,1999,11,3.37,7.37,-6.51,0.36
199912,1999,12,7.72,7.11,-8.74,0.44
200001,2000,1,-4.74,4.96,-0.29,0.41
200002,2000,2,2.45,21.71,-9.93,0.43
200003,2000,3,5.2,-16.87,7.37,0.47
200004,2000,4,-6.4,-7.73,8.61,0.46
200005,2000,5,-4.42,-5.1,2.56,0.5
200006,2000,6,4.64,13.86,-9.86,0.4
200007,2000,7,-2.51,-2.79,8.14,0.48
200008,2000,8,7.03,-1.13,-0.68,0.5
200009,2000,9,-5.45,-1.39,6.24,0.51
200010,2000,10,-2.76,-3.76,5.52,0.56
200011,2000,11,-10.72,-2.79,11.3,0.51
200012,2000,12,1.19,0.97,7.33,0.5
200101,2001,1,3.13,6.57,-4.9,0.54
200102,2001,2,-10.05,-0.74,12.9,0.38
200103,2001,3,-7.26,0.34,6.45,0.42
200104,2001,4,7.94,0.52,-4.69,0.39
200105,2001,5,0.72,2.6,3.14,0.32
200106,2001,6,-1.94,6.05,-1.06,0.28
200107,2001,7,-2.13,-4.35,5.58,0.3
200108,2001,8,-6.46,2.49,2.5,0.31
200109,2001,9,-9.25,-6.13,1.6,0.28
200110,2001,10,2.46,7.63,-8.1,0.22
200111,2001,11,7.54,-0.41,2,0.17
200112,2001,12,1.61,4.57,1.1,0.15
200201,2002,1,-1.44,1.19,3.33,0.14
200202,2002,2,-2.29,-1.1,2.5,0.13
200203,2002,3,4.24,4.23,1.11,0.13
200204,2002,4,-5.2,5.94,3.93,0.15
200205,2002,5,-1.38,-3.21,1.69,0.14
200206,2002,6,-7.21,4.26,0.13,0.13
200207,2002,7,-8.18,-5.3,-3.41,0.15
200208,2002,8,0.5,-2.44,2.49,0.14
200209,2002,9,-10.35,2.57,1.31,0.14
200210,2002,10,7.84,-2.9,-5.46,0.14
200211,2002,11,5.96,2.84,-1.15,0.12
200212,2002,12,-5.76,0,2.25,0.11
200301,2003,1,-2.57,1.39,-0.93,0.1
200302,2003,2,-1.88,-0.34,-1.46,0.09
200303,2003,3,1.09,0.89,-2.09,0.1
200304,2003,4,8.22,0.57,1.03,0.1
200305,2003,5,6.05,4.7,-0.3,0.09
200306,2003,6,1.42,1.67,0.66,0.1
200307,2003,7,2.35,5.25,-1.15,0.07
200308,2003,8,2.34,2.6,2.03,0.07
200309,2003,9,-1.24,0.79,0.02,0.08
200310,2003,10,6.08,2.68,1.76,0.07
200311,2003,11,1.35,2.01,1.86,0.07
200312,2003,12,4.29,-3.01,2.42,0.08
200401,2004,1,2.15,2.8,1.97,0.07
200402,2004,2,1.4,-1.43,0.49,0.06
200403,2004,3,-1.32,1.75,0.21,0.09
200404,2004,4,-1.83,-2.06,-2.62,0.08
200405,2004,5,1.17,-0.21,-0.39,0.06
200406,2004,6,1.86,2.26,1.38,0.08
200407,2004,7,-4.06,-3.8,4.1,0.1
200408,2004,8,0.08,-1.63,1.03,0.11
200409,2004,9,1.6,3.03,-0.25,0.11
200410,2004,10,1.43,0.31,-0.62,0.11
200411,2004,11,4.54,3.91,1.79,0.15
200412,2004,12,3.43,0.12,-0.06,0.16
200501,2005,1,-2.76,-1.51,1.97,0.16
200502,2005,2,1.89,-0.51,1.63,0.16
200503,2005,3,-1.97,-1.39,1.58,0.21
200504,2005,4,-2.61,-3.99,-0.34,0.21
200505,2005,5,3.65,2.89,-0.81,0.24
200506,2005,6,0.57,2.62,2.62,0.23
200507,2005,7,3.92,2.93,-0.51,0.24
200508,2005,8,-1.22,-0.92,1.27,0.3
200509,2005,9,0.49,-0.58,0.77,0.29
200510,2005,10,-2.02,-1.21,0.23,0.27
200511,2005,11,3.61,0.91,-1.18,0.31
200512,2005,12,-0.25,-0.46,0.44,0.32
200601,2006,1,3.04,5.42,1.12,0.35
200602,2006,2,-0.3,-0.38,-0.25,0.34
200603,2006,3,1.46,3.55,0.61,0.37
200604,2006,4,0.73,-1.34,2.59,0.36
200605,2006,5,-3.57,-3.04,2.55,0.43
200606,2006,6,-0.35,-0.35,0.87,0.4
200607,2006,7,-0.78,-4.08,2.94,0.4
200608,2006,8,2.03,0.9,-1.72,0.42
200609,2006,9,1.84,-1.37,0.05,0.41
200610,2006,10,3.23,1.73,-0.04,0.41
200611,2006,11,1.71,0.86,0.07,0.42
200612,2006,12,0.87,-1.1,3.16,0.4
200701,2007,1,1.4,0.1,-0.11,0.44
200702,2007,2,-1.96,1.32,-0.09,0.38
200703,2007,3,0.68,-0.06,-0.22,0.43
200704,2007,4,3.49,-2.06,-1.15,0.44
200705,2007,5,3.24,0.03,-0.05,0.41
200706,2007,6,-1.96,0.77,-1.13,0.4
200707,2007,7,-3.73,-2.51,-3.34,0.4
200708,2007,8,0.92,-0.13,-2.24,0.42
200709,2007,9,3.22,-2.29,-1.87,0.32
200710,2007,10,1.8,0.22,-2.59,0.32
200711,2007,11,-4.83,-2.63,-1.18,0.34
200712,2007,12,-0.87,0.2,-0.52,0.27
200801,2008,1,-6.36,-0.89,3.65,0.21
200802,2008,2,-3.09,-0.23,-0.95,0.13
200803,2008,3,-0.93,0.94,-0.15,0.17
200804,2008,4,4.6,-1.64,-0.96,0.18
200805,2008,5,1.86,3.22,-1.38,0.18
200806,2008,6,-8.44,1.27,-2.43,0.17
200807,2008,7,-0.77,2.47,5.81,0.15
200808,2008,8,1.53,3.61,1.56,0.13
200809,2008,9,-9.24,-1.13,6.33,0.15
200810,2008,10,-17.23,-2.34,-2.9,0.08
200811,2008,11,-7.86,-2.99,-5.94,0.03
200812,2008,12,1.74,3.59,-0.24,0
200901,2009,1,-8.12,-0.01,-11.1,0
200902,2009,2,-10.1,0.16,-7.25,0.01
200903,2009,3,8.95,-0.08,3.52,0.02
200904,2009,4,10.19,4.83,5.46,0.01
200905,2009,5,5.21,-2.33,-0.21,0
200906,2009,6,0.43,2.61,-2.71,0.01
200907,2009,7,7.72,2.07,5.27,0.01
200908,2009,8,3.33,-0.9,7.76,0.01
200909,2009,9,4.08,2.45,0.92,0.01
200910,2009,10,-2.59,-4.23,-4.18,0
200911,2009,11,5.56,-2.49,-0.17,0
200912,2009,12,2.75,6.11,0.01,0.01
201001,2010,1,-3.36,0.38,0.31,0
201002,2010,2,3.4,1.21,3.17,0
201003,2010,3,6.31,1.43,2.1,0.01
201004,2010,4,2,4.98,2.81,0.01
201005,2010,5,-7.89,0.05,-2.38,0.01
201006,2010,6,-5.56,-1.98,-4.5,0.01
201007,2010,7,6.93,0.17,-0.26,0.01
201008,2010,8,-4.77,-3,-1.96,0.01
201009,2010,9,9.54,3.92,-3.12,0.01
201010,2010,10,3.88,1.14,-2.59,0.01
201011,2010,11,0.6,3.71,-0.9,0.01
201012,2010,12,6.82,0.69,3.82,0.01
201101,2011,1,1.99,-2.46,0.83,0.01
201102,2011,2,3.49,1.52,1.08,0.01
201103,2011,3,0.45,2.6,-1.57,0.01
201104,2011,4,2.9,-0.35,-2.53,0
201105,2011,5,-1.27,-0.71,-2.07,0
201106,2011,6,-1.75,-0.17,-0.33,0
201107,2011,7,-2.36,-1.3,-1.23,0
201108,2011,8,-5.99,-3.06,-2.44,0.01
201109,2011,9,-7.59,-3.49,-1.46,0
201110,2011,10,11.35,3.41,-0.17,0
201111,2011,11,-0.28,-0.17,-0.34,0
201112,2011,12,0.74,-0.71,1.75,0
201201,2012,1,5.05,2.15,-1.11,0
201202,2012,2,4.42,-1.75,0.09,0
201203,2012,3,3.11,-0.6,0.87,0
201204,2012,4,-0.85,-0.51,-0.46,0
201205,2012,5,-6.19,0.02,-0.62,0.01
201206,2012,6,3.89,0.77,0.44,0
201207,2012,7,0.79,-2.59,-0.26,0
201208,2012,8,2.55,0.42,1.32,0.01
201209,2012,9,2.73,0.51,1.54,0.01
201210,2012,10,-1.76,-1.14,3.79,0.01
201211,2012,11,0.78,0.58,-0.96,0.01
201212,2012,12,1.18,1.47,3.56,0.01
201301,2013,1,5.57,0.39,0.95,0
201302,2013,2,1.29,-0.45,0.03,0
201303,2013,3,4.03,0.78,-0.29,0
201304,2013,4,1.55,-2.42,0.63,0
201305,2013,5,2.8,1.67,2.6,0
201306,2013,6,-1.2,1.22,-0.18,0
201307,2013,7,5.65,1.86,0.56,0
201308,2013,8,-2.71,0.3,-2.78,0
201309,2013,9,3.77,2.93,-1.19,0
201310,2013,10,4.18,-1.49,1.14,0
201311,2013,11,3.12,1.24,0.24,0
201312,2013,12,2.81,-0.5,-0.31,0
201401,2014,1,-3.32,0.86,-2.09,0
201402,2014,2,4.65,0.32,-0.4,0
201403,2014,3,0.43,-1.89,5.08,0
201404,2014,4,-0.19,-4.25,1.14,0
201405,2014,5,2.06,-1.85,-0.27,0
201406,2014,6,2.61,3.07,-0.74,0
201407,2014,7,-2.04,-4.24,0.01,0
201408,2014,8,4.24,0.36,-0.58,0
201409,2014,9,-1.97,-3.83,-1.23,0
201410,2014,10,2.52,4.23,-1.68,0
201411,2014,11,2.55,-2.09,-2.99,0
201412,2014,12,-0.06,2.54,2.06,0
201501,2015,1,-3.11,-0.56,-3.47,0
201502,2015,2,6.13,0.48,-1.79,0
201503,2015,3,-1.12,3.02,-0.46,0
201504,2015,4,0.59,-2.97,1.86,0
201505,2015,5,1.36,0.87,-1.37,0
201506,2015,6,-1.53,2.83,-0.79,0
201507,2015,7,1.54,-4.14,-4.12,0
201508,2015,8,-6.04,0.48,2.68,0
201509,2015,9,-3.08,-2.64,0.52,0
201510,2015,10,7.75,-1.97,-0.08,0
201511,2015,11,0.56,3.64,-0.52,0
201512,2015,12,-2.17,-2.82,-2.58,0.01
201601,2016,1,-5.77,-3.36,2.1,0.01
201602,2016,2,-0.07,0.78,-0.48,0.02
201603,2016,3,6.96,0.87,1.12,0.02
201604,2016,4,0.92,0.68,3.26,0.01
201605,2016,5,1.78,-0.26,-1.81,0.01
201606,2016,6,-0.05,0.65,-1.49,0.02
201607,2016,7,3.95,2.65,-1.1,0.02
201608,2016,8,0.5,1.14,3.33,0.02
201609,2016,9,0.25,2.01,-1.5,0.02
201610,2016,10,-2.02,-4.36,4.17,0.02
201611,2016,11,4.86,5.51,8.32,0.01
201612,2016,12,1.82,0.05,3.55,0.03
201701,2017,1,1.94,-1.01,-2.76,0.04
201702,2017,2,3.57,-2,-1.78,0.04
201703,2017,3,0.17,1.19,-3.16,0.03
201704,2017,4,1.09,0.73,-1.87,0.05
201705,2017,5,1.06,-2.54,-3.77,0.06
201706,2017,6,0.78,2.15,1.35,0.06
201707,2017,7,1.87,-1.4,-0.28,0.07
201708,2017,8,0.16,-1.69,-2.24,0.09
201709,2017,9,2.51,4.52,3.03,0.09
201710,2017,10,2.25,-1.94,-0.06,0.09
201711,2017,11,3.12,-0.66,-0.05,0.08
201712,2017,12,1.06,-1.26,0.14,0.09
201801,2018,1,5.58,-3.03,-1.37,0.11
201802,2018,2,-3.65,0.28,-1.19,0.11
201803,2018,3,-2.35,3.93,-0.11,0.12
201804,2018,4,0.29,1.1,0.53,0.14
201805,2018,5,2.65,5.24,-3.16,0.14
201806,2018,6,0.48,1.17,-2.39,0.14
201807,2018,7,3.19,-2.17,0.4,0.16
201808,2018,8,3.44,1.26,-4.11,0.16
201809,2018,9,0.06,-2.35,-1.35,0.15
201810,2018,10,-7.68,-4.69,3.41,0.19
201811,2018,11,1.69,-0.78,0.2,0.18
201812,2018,12,-9.55,-2.58,-1.51,0.19
201901,2019,1,8.41,3.02,-0.6,0.21
201902,2019,2,3.4,2.02,-2.84,0.18
201903,2019,3,1.1,-3.15,-4.08,0.19
